"{""title"": """", ""content"": ""分享图片 "", ""rumor"": ""1"", ""location"": """", ""time"": """", ""org"": """", ""company"": """", ""person"": """", ""job"": """"}"
"{""title"": """", ""content"": ""【美国推动将“武汉病毒”纳入七国集团共同声明失败】“周三，美国务院在G7关于冠状病毒的外长会议后，企图将“武汉病毒”一词塞进联合声明中遭到了拒绝。”失道寡助，自取其辱！ "", ""rumor"": ""0"", ""location"": ""武汉"", ""time"": ""周三"", ""org"": ""美国务院"", ""company"": ""七国集团"", ""person"": """", ""job"": """"}"
"{""title"": """", ""content"": ""【川普警告暂停将摧毁国家】川普说“我们每年有成千上万的人死于流感。我们不会让这个国家暂停”“汽车事故带来的损失远不止这些。我们没有给汽车公司打电话，要求他们停止生产汽车”川普在接受Fox电视台访谈节目时明确表示，他认为封城是反应过度，他希望美国在复活节前开放。希望他只是说说而已！ "", ""rumor"": ""1"", ""location"": ""美国"", ""time"": """", ""org"": """", ""company"": ""川普"", ""person"": """", ""job"": """"}"
"{""title"": """", ""content"": ""【当美国会接近达成一项针对冠状病毒的刺激方案，道指创1933年来单日最高反弹】道指收盘上涨了2,112.98点，收于20,704.91点，涨幅超过11%。标准普尔500指数反弹9.4%。纳斯达克综合指数上涨8.1%。股市大起大落的震荡，标志着经济远离了正常的轨道。 "", ""rumor"": ""1"", ""location"": ""美国"", ""time"": """", ""org"": """", ""company"": ""纳斯达克"", ""person"": """", ""job"": """"}"
"{""title"": """", ""content"": ""【波兰不允许俄罗斯向意大利运送救援物资的飞机通过其领空】俄罗斯援助对象是波兰在欧盟和北约的盟友。这架飞机在飞往意大利时需要绕行，比途经波兰领空至少多飞行3000公里。波兰不可理喻的程度不输台湾啊！ "", ""rumor"": ""0"", ""location"": ""台湾"", ""time"": """", ""org"": ""欧盟"", ""company"": """", ""person"": """", ""job"": """"}"
"{""title"": """", ""content"": ""【为什么西方在抗击冠状病毒上失败了】之前，在既无疫苗，也无有效药物的情况下，中国采取了唯一正确的隔离措施。西方从媒体到政府无视科学，完全从意识形态出发，批判中国的措施是没有人权，限制自由。疫情在西方爆发后，他们不愿意把自己刚拉的屎趁热吃下去，于是，就有了现在的失败 "", ""rumor"": ""0"", ""location"": ""中国"", ""time"": """", ""org"": """", ""company"": """", ""person"": """", ""job"": """"}"
"{""title"": """", ""content"": ""【一个朋友在四楼的窗口给他们主持婚礼】Reilly Jennings和Amanda Wheeler 周五在曼哈顿华盛顿高地附近的一条小街上举行了婚礼。在疫情蔓延之际，人们依然充满了希望和爱！ "", ""rumor"": ""1"", ""location"": ""曼哈顿华盛顿高地"", ""time"": ""周五"", ""org"": """", ""company"": """", ""person"": ""Amanda Wheeler "", ""job"": """"}"
"{""title"": """", ""content"": ""【美期货熔断】道指期货下跌超过900点，跌幅5%，达到“跌停”水平。标准普尔500指数和纳斯达克100指数期货也下跌了5%左右。美国原油期货价格也下跌了4%以上，进一步加剧了上周的大幅下跌。 "", ""rumor"": ""1"", ""location"": ""美国"", ""time"": ""上周"", ""org"": """", ""company"": """", ""person"": """", ""job"": """"}"
"{""title"": """", ""content"": ""【中国（驻南非）大使赞同希拉里·克林顿指责川普用“种族主义言论”来转移公众对政府冠状病毒反应迟缓的注意力】最近还会有人给外交部寄钙片吗？ "", ""rumor"": ""0"", ""location"": ""南非"", ""time"": """", ""org"": """", ""company"": """", ""person"": ""希拉里·克林顿"", ""job"": ""大使""}"
"{""title"": """", ""content"": ""【朝鲜说收到了川普的来信】川普在信中表示愿意帮助朝鲜抗击疫情最近朝鲜放的二踢脚还是有点用哈 "", ""rumor"": ""0"", ""location"": ""朝鲜"", ""time"": """", ""org"": """", ""company"": ""川普"", ""person"": """", ""job"": """"}"
"{""title"": """", ""content"": ""【《华盛顿邮报》：川普无视美国情报部门在1月和2月关于冠状病毒的报告】疫情真的将是川普的滑铁卢？ "", ""rumor"": ""1"", ""location"": """", ""time"": ""2月"", ""org"": """", ""company"": """", ""person"": """", ""job"": """"}"
"{""title"": """", ""content"": ""【美国寻求降低中国商品进口关税，以助于抗击冠状病毒】美国贸易代表办公室说，这是“保持我国抗击冠状病毒大流行”努力的一部分。美国贸易代表办公室最近批准了针对中国某些医疗产品的“301条款”关税豁免，包括医用口罩、检查手套和消毒湿巾人在矮檐下不得不低头啊    "", ""rumor"": ""1"", ""location"": ""中国"", ""time"": """", ""org"": ""美国贸易代表办公室"", ""company"": """", ""person"": """", ""job"": """"}"
"{""title"": """", ""content"": ""【五角大楼说，美国欧洲司令部的2600人在自我隔离，其中35人检测呈阳性】美军这种群体，比较符合群体免疫的条件。还隔离干嘛？大家都得上，看看群体免疫的理论是否好使呗。@鱼觉兽一号 你觉得呢？ "", ""rumor"": ""1"", ""location"": ""五角大楼"", ""time"": """", ""org"": ""美军"", ""company"": """", ""person"": """", ""job"": """"}"
"{""title"": """", ""content"": ""【当需求激增时           美国的医疗用品进口却直线下降】“美国医疗用品严重短缺，包括检测棉签、防护口罩、手术服和洗手液在内的所有药品”把冠状病毒说成中国病毒，能带来这些短缺的医疗用品吗？通过选票选出代表大多数人利益的机制，却造就出为了选票漠视大多数人生命的总统，这是体制问题吗？ "", ""rumor"": ""0"", ""location"": ""中国"", ""time"": """", ""org"": """", ""company"": """", ""person"": """", ""job"": ""总统""}"
"{""title"": """", ""content"": ""【必须滴！           川普出于政治原因                   将冠状病毒称为“中国病毒”】“川普非常清楚自己在做什么。他正在利用根深蒂固的印象和对他人的恐惧，来摆脱这场危机中可能落在他身上的任何指责。” "", ""rumor"": ""1"", ""location"": ""中国"", ""time"": """", ""org"": """", ""company"": """", ""person"": """", ""job"": """"}"
"{""title"": """", ""content"": ""【口罩外交：中国尝试改写病毒叙事】“到目前为止，川普领导的美国政府未能提供任何有意义的国际回应，而欧盟忙于自己内部的回应，为中国填补空白提供了一个独特的机会”此疫一定会改变世界格局，人算不如天算！ "", ""rumor"": ""0"", ""location"": ""中国"", ""time"": """", ""org"": ""欧盟"", ""company"": ""川普"", ""person"": """", ""job"": """"}"
"{""title"": """", ""content"": ""【川普完败的想象力                  导致美国人民失去生命和财富】美国选出川普当总统是偶然还是必然？ "", ""rumor"": ""0"", ""location"": ""美国"", ""time"": """", ""org"": """", ""company"": """", ""person"": """", ""job"": ""总统""}"
"{""title"": """", ""content"": ""【道指期货下跌400点，反转了周四的涨势】资本市场剧烈动荡，美国疫情几近失控，蓝媒体揪着川普之前“可防可控类流感”的言论不放，焦头烂额的川普想把这锅甩给中国，不仅无益反而有害！ "", ""rumor"": ""0"", ""location"": ""中国"", ""time"": ""周四"", ""org"": """", ""company"": """", ""person"": """", ""job"": """"}"
"{""title"": """", ""content"": ""【川普的简报中“冠状病毒””被换成“Chinese”】照片由《华盛顿邮报》网站Botzord拍摄满满的故意，目的是什么呢？ "", ""rumor"": ""1"", ""location"": """", ""time"": """", ""org"": """", ""company"": """", ""person"": """", ""job"": """"}"
"{""title"": """", ""content"": ""【油价从周三的暴跌中反弹，上涨23%，创历史最好单日涨幅】美国原油价格周四上涨逾23%，创有记录以来的最大单日涨幅，收复了周三暴跌造成的一半以上的跌幅。美国西德克萨斯中质原油上涨23.8%，收于每桶25.22美元，涨幅4.85美元。国际基准布伦特原油价格上涨14.4%，至每桶28.47美元，涨幅3.59美元。 "", ""rumor"": ""1"", ""location"": ""美国西德克萨斯"", ""time"": ""周三"", ""org"": """", ""company"": """", ""person"": """", ""job"": """"}"
"{""title"": """", ""content"": ""【美国疾控中心顾问说：                可能会有数以百万计的美国人                                          死于新型冠状病毒】                ����� "", ""rumor"": ""1"", ""location"": ""                ����� "", ""time"": """", ""org"": ""美国疾控中心"", ""company"": """", ""person"": """", ""job"": ""顾问""}"
"{""title"": """", ""content"": ""【美国政府正在准备应对可长达18个月的冠状病毒大流行，包括“多波次疫情”】美国政府这种准备打持久战的态度很端正。18个月够长了，不出意外的话，疫苗应该可以完成研发投入使用了。 "", ""rumor"": ""1"", ""location"": """", ""time"": ""18个月"", ""org"": ""美国政府"", ""company"": """", ""person"": """", ""job"": """"}"
"{""title"": """", ""content"": ""【欧洲央行宣布大规模经济刺激计划后                                  道指期货上涨400点】截至美东时间晚上8点29分，道指期货上涨347点，意味着开盘价上涨450.08点。强心针有效了？� "", ""rumor"": ""1"", ""location"": ""美东"", ""time"": ""晚上8点29分"", ""org"": ""欧洲央行"", ""company"": """", ""person"": """", ""job"": """"}"
"{""title"": """", ""content"": ""星期三   全球股市和石油市场大幅下跌道指遭遇又一次惨重下跌，自2017年以来首次收于2万点以下巴黎和法兰克福股市下跌超过5.0%，伦敦股市下跌4.0%，此前亚洲股市走低纽约WTI原油期货价格下跌24%，至每桶20.37美元，为2002年以来最低对抗经济寒冬最有效的体制在哪里？ "", ""rumor"": ""1"", ""location"": ""亚洲"", ""time"": ""2002年以来"", ""org"": """", ""company"": ""法兰克福"", ""person"": """", ""job"": """"}"
"{""title"": """", ""content"": ""【英国考虑部分封锁伦敦】说好的“群体免疫”呢？ "", ""rumor"": ""1"", ""location"": ""伦敦"", ""time"": """", ""org"": """", ""company"": """", ""person"": """", ""job"": """"}"
"{""title"": """", ""content"": ""【中国宣布对美国媒体采取报复性措施】CNN这个标题还是非常客观准确的对中国的行动报道后，也报道了被涉及到的几家媒体的哀嚎。美国政府打击中国媒体时你们装死，现在中方报复打击到你们身上，活该不？ "", ""rumor"": ""1"", ""location"": ""中国"", ""time"": """", ""org"": ""美国政府"", ""company"": """", ""person"": """", ""job"": """"}"
"{""title"": """", ""content"": ""【中国驱逐美国记者            这是近年来规模最大的一次打击行动】文章报道了中方的措施和立场。也报道了蓬佩奥的态度，他说这将妨碍新闻自由。美方对中国采取的行动，就不妨碍新闻自由咩？ "", ""rumor"": ""1"", ""location"": ""中国"", ""time"": """", ""org"": ""中方"", ""company"": """", ""person"": ""   "", ""job"": ""记者""}"
"{""title"": """", ""content"": ""【美国航空公司寻求500亿美元纾困                     全球航空公司纷纷取消航班】英国航空和西班牙航空的所有者伊比利亚航空宣布削减75%的飞行能力德国汉莎航空表示，它将削减长途航班90%英国维珍大西洋航空将其75%的机队停在机场，4月这一比例将高达85%谁都别高兴的太早，特别是幸灾乐祸时！ "", ""rumor"": ""0"", ""location"": ""英国"", ""time"": ""4月"", ""org"": """", ""company"": ""英国维珍大西洋航空"", ""person"": """", ""job"": """"}"
"{""title"": """", ""content"": ""蓬佩奥果然是来自讨没趣的，中方怼的好！[加油] "", ""rumor"": ""0"", ""location"": """", ""time"": """", ""org"": """", ""company"": """", ""person"": """", ""job"": """"}"
"{""title"": """", ""content"": ""道指创下1987年“黑色星期一”股市崩盘以来的最大单日跌幅，收盘下跌2,997.10点，至20,188.52点，跌幅12.9%。标准普尔500指数下跌12%，至2,386.13点，创下自2018年12月以来的最低水平。纳斯达克综合指数下跌12.3%，收于6,904.59点，创历史新低。“信心比黄金重要”——温家宝 "", ""rumor"": ""1"", ""location"": """", ""time"": ""2018年12月以来"", ""org"": """", ""company"": """", ""person"": """", ""job"": """"}"
"{""title"": """", ""content"": ""【交易熔断后继续下跌                     标准普尔500指数下跌至9%】尽管美联储推出大规模货币刺激计划，但美国股市周一仍大幅下跌。这是资本对美国抗疫政策投出的不信任票？ "", ""rumor"": ""0"", ""location"": ""美国"", ""time"": ""周一"", ""org"": ""美联储"", ""company"": """", ""person"": """", ""job"": """"}"
"{""title"": """", ""content"": ""周一上午，德国已经关闭了与奥地利、瑞士、法国、卢森堡和丹麦的边境。尽管柏林不是第一个实施边境限制的欧洲国家，但此举标志着德国总理默克尔政策的180度大转弯。 "", ""rumor"": ""1"", ""location"": ""德国"", ""time"": ""周一上午"", ""org"": """", ""company"": """", ""person"": ""默克尔政策"", ""job"": ""总理""}"
"{""title"": """", ""content"": ""【尽管美联储大幅降息，股指期货仍然下跌触及“极限”，道指期货下跌1000点】Bleakley咨询集团的投资总监说：“天上掉下来再多的钱也无法治愈这种病毒。\"" "", ""rumor"": ""1"", ""location"": """", ""time"": """", ""org"": ""美联储"", ""company"": ""Bleakley咨询集团"", ""person"": """", ""job"": ""投资总监""}"
"{""title"": """", ""content"": ""【美联储将利率降至零以支持经济】中国抗疫给全球其他国家贡献了宝贵的准备时间。西方政客们却没能把疫情扼杀在萌芽状态。事到如今，这些措施是不是杯水车薪呢？ "", ""rumor"": ""0"", ""location"": ""中国"", ""time"": """", ""org"": ""美联储"", ""company"": """", ""person"": """", ""job"": """"}"
"{""title"": """", ""content"": ""【英国正在冠状病毒上进行一场豪赌                     没人知道它是否有效】英国类似于听天由命的做法，是对疫情的认识所致，还是应对疫情的能力所限？“历史的一粒灰尘，落在普通人身上都是一座大山”“每个死者都有名字，有家庭！不是数字！开始有些人在家里隔离死了，连数字都算不上！ ” "", ""rumor"": ""0"", ""location"": ""英国"", ""time"": """", ""org"": """", ""company"": """", ""person"": """", ""job"": """"}"
"{""title"": """", ""content"": ""【为了应对冠状病毒，在3月27日前苹果将关闭在中国之外的所有门店】苹果表示已经从中国的疫情中明白：“降低病毒传播风险的最有效方法是降低人群密度，扩大社交距离。”苹果是个优等生！ "", ""rumor"": ""0"", ""location"": ""中国"", ""time"": ""3月27日前"", ""org"": """", ""company"": ""苹果"", ""person"": """", ""job"": """"}"
"{""title"": """", ""content"": ""【川普宣布美国进入紧急状态】川普：前几任总统没有留下足够的新型冠状病毒测试盒，现在疫情蔓延了，关宝宝屁事？！ "", ""rumor"": ""0"", ""location"": ""美国"", ""time"": """", ""org"": """", ""company"": ""川普"", ""person"": """", ""job"": ""总统""}"
"{""title"": """", ""content"": ""周五美国负责东亚和太平洋事务的助理国务卿史迪威召见了中国驻美大使崔天凯，指责中国在新型冠状病毒问题上“公然在全球范围内”散布虚假信息。此前，中国外交部发言人在其个人推特上表示，美国军方可能把新型冠状病毒带到了武汉。只许州官放火，不许百姓点灯！说好的言论自由呢？ "", ""rumor"": ""0"", ""location"": ""许州"", ""time"": ""周五"", ""org"": ""美国军方"", ""company"": ""太平洋事务"", ""person"": ""崔天凯"", ""job"": ""发言人""}"
"{""title"": """", ""content"": ""【股市在经历87年崩盘以来最糟糕的一天后大幅上涨，标准普尔500指数期货触及“上限”】美国股指期货周五在震荡交投中大涨，标准普尔500指数期货跃升超过5%，达到“涨停”水平。道指期货上涨超过1000点。纳斯达克100指数期货也大幅上涨。 "", ""rumor"": ""1"", ""location"": ""美国"", ""time"": ""周五"", ""org"": """", ""company"": """", ""person"": """", ""job"": """"}"
"{""title"": """", ""content"": ""【加拿大总理特鲁多的妻子                     新型冠状病毒检测呈阳性】 "", ""rumor"": ""1"", ""location"": ""加拿大"", ""time"": """", ""org"": """", ""company"": """", ""person"": ""特鲁多"", ""job"": ""总理""}"
"{""title"": """", ""content"": ""【FOX新闻在冠状病毒上是如何误导观众的】文章从FOX说疫情可防可控、危害不及流感替川普站台背书，到FOX把防控疫情政治化，说夸大疫情的都是居心叵测，是为了打击川普阻止连任………美国左右媒体撕咬，从下嘴的角度到遣词造句，中国的吃瓜群众是多么似曾相识啊！ "", ""rumor"": ""0"", ""location"": ""中国"", ""time"": """", ""org"": """", ""company"": """", ""person"": """", ""job"": """"}"
"{""title"": """", ""content"": ""美国金融市场周四进一步下跌，道指下跌2,350点，跌幅近10%，创下1987年“黑色星期一”暴跌逾22%以来的最大单日跌幅。标准普尔500指数和纳斯达克指数也分别下跌了9.51%和9.43%，标普500指数也进入了熊市区域。周四开盘时，标普500指数暴跌逾7%，触发了15分钟的“熔断机制”。 "", ""rumor"": ""1"", ""location"": ""熊市"", ""time"": ""15分钟"", ""org"": """", ""company"": ""纳斯达克"", ""person"": """", ""job"": """"}"
"{""title"": """", ""content"": ""突发新闻：为应对冠状病毒，美国国会决定在4月1日前国会大厦、参众两院的办公大楼停止对公众开放。【美国股市开盘时暴跌7%，再次熔断】 "", ""rumor"": ""0"", ""location"": ""美国"", ""time"": ""4月1日"", ""org"": """", ""company"": """", ""person"": """", ""job"": """"}"
"{""title"": """", ""content"": ""【在犹他爵士队球员冠状病毒检测呈阳性后                          NBA无限期暂停赛季】此时此刻，有人会想起去年的香港风波？此时此刻，有人会想起去年的中美贸易战？天作孽，犹可怜。自作孽，不可活！ "", ""rumor"": ""1"", ""location"": ""香港"", ""time"": ""去年"", ""org"": """", ""company"": """", ""person"": """", ""job"": """"}"
"{""title"": """", ""content"": ""【道琼斯指数跌入熊市】这意味着道指较近期高点下跌了20%。道指收盘下跌5.9%，至1,465点。在当天的最低点，该指数下跌了1690点。标准普尔500指数下跌4.9%。在下午的交易中，该指数一度跌至熊市区域。纳斯达克综合指数收盘下跌4.7%。 "", ""rumor"": ""1"", ""location"": ""熊市"", ""time"": ""下午"", ""org"": """", ""company"": """", ""person"": """", ""job"": """"}"
"{""title"": """", ""content"": ""世界卫生组织周三把这次新型冠状病毒疫情称为一次大流行，并发出严厉警告说，这种疾病在全球的蔓延和严重程度是由于“令人震惊的不作为”。是谁不作为？他们为啥不作为？是体制妨碍了作为，还是国力限制了作为？或者是为了一己之私故意不作为？ "", ""rumor"": ""1"", ""location"": """", ""time"": ""周三"", ""org"": ""世界卫生组织"", ""company"": """", ""person"": """", ""job"": """"}"
"{""title"": """", ""content"": ""【利西奇四球帮助亚特兰大进入欧冠8强】55000个空座位营造了一种超现实的气氛，病毒在蔓延，生活还是要继续。 "", ""rumor"": ""1"", ""location"": """", ""time"": """", ""org"": """", ""company"": """", ""person"": ""亚特兰"", ""job"": """"}"
"{""title"": """", ""content"": ""【美国股市历史上最糟糕的一天】道指下跌了2013.76点，创有史以来最大跌幅。其7.8%的跌幅是2008年10月15日以来的最大跌幅。纳斯达克综合指数下跌7.29%，标准普尔500指数下跌6.63%，都是自2008年12月1日以来的最大跌幅。这是谁的“切尔诺贝利”？？？ "", ""rumor"": ""1"", ""location"": ""美国"", ""time"": ""2008年12月1日以来"", ""org"": ""纳斯达克"", ""company"": """", ""person"": """", ""job"": """"}"
"{""title"": """", ""content"": ""道指开盘时平均下跌超过1800点，标准普尔500指数下跌7%。大规模的抛售在早盘交易中触发了关键市场的熔断机制。交易暂停15分钟，直到美国东部时间上午9点49分。市场出于极度恐慌中！ "", ""rumor"": ""0"", ""location"": ""美国东部"", ""time"": ""上午9点49分"", ""org"": """", ""company"": """", ""person"": """", ""job"": """"}"
"{""title"": """", ""content"": ""【欧佩克协商失败引发价格战                美国原油价格跌破每桶28美元】美国西德克萨斯中质原油(West Texas Intermediate)下跌33.16%，每桶27.59美元。国际基准布伦特原油期货价格也下跌了30.33%，每桶31.54美元难怪有人惊呼：油价比冠状病毒更让人担心！ "", ""rumor"": ""1"", ""location"": ""美国西德克萨斯中"", ""time"": """", ""org"": ""欧佩克协"", ""company"": """", ""person"": """", ""job"": """"}"
"{""title"": """", ""content"": ""【道指期货下跌超过900点】股票期货在周日晚上再次下跌：道指期货周日早盘下跌逾970点，跌幅3.8%标准普尔(INX)期货下跌约4%纳斯达克(COMP)期货下跌3.7%在中国即将迎来春天之际，西方正步入寒冬？ "", ""rumor"": ""1"", ""location"": ""中国"", ""time"": ""春天"", ""org"": """", ""company"": ""纳斯达克"", ""person"": """", ""job"": """"}"
"{""title"": """", ""content"": ""【欧佩克协议失败引发价格战                                       油价暴跌30%】全球经济开始发高烧了，医生在哪里？ "", ""rumor"": ""1"", ""location"": """", ""time"": """", ""org"": """", ""company"": """", ""person"": ""欧佩克"", ""job"": ""医生""}"
"{""title"": """", ""content"": ""【NBA告诉球队要为没有观众的比赛做准备                      勒布朗•詹姆斯说没戏】没有观众参与的比赛，显然是不完整的，也是缺乏魅力的。国内某些综艺节目已经证明了这一点。 "", ""rumor"": ""1"", ""location"": """", ""time"": """", ""org"": ""NBA"", ""company"": """", ""person"": """", ""job"": """"}"
"{""title"": """", ""content"": ""【全球90个国家的病毒感染病例超过10万例                                  市场暴跌】体会一下什么叫“人类命运共同体”吧！当初中国全力抗击疫情时，那些落井下石的，幸灾乐祸的，冷嘲热讽的，隔岸观火的有没有觉得自己是个傻B呢？ "", ""rumor"": ""0"", ""location"": ""中国"", ""time"": """", ""org"": """", ""company"": """", ""person"": """", ""job"": """"}"
"{""title"": """", ""content"": ""【美国实验室正在等待                  政府承诺的病毒测试工具】中国确诊第一例新型冠状病毒患者后，不到一个月就开始大量提供测试盒。如此牛逼的美国，怎么到现在还没有足够的测试盒呢？当初隔岸观火，欢呼疫情有利于美国制造业和就业的时候，怎么就没想到给自己准备一桶水呢？ "", ""rumor"": ""1"", ""location"": ""美国"", ""time"": ""一个月"", ""org"": ""美国实验室"", ""company"": """", ""person"": """", ""job"": """"}"
"{""title"": """", ""content"": ""【道琼斯指数下跌超过950点，                 华尔街的过山车已经持续一周】祝大家玩的愉快！ "", ""rumor"": ""0"", ""location"": ""                 华尔街"", ""time"": ""一周"", ""org"": """", ""company"": """", ""person"": """", ""job"": """"}"
"{""title"": """", ""content"": ""【美议员谈抖音的网络安全风险】主持听证会的参议员乔希·霍利表示将提出一项法案，禁止所有美国政府设备使用抖音，称其“对美国人民构成重大安全风险”。美国土安全部网络安全官员布赖恩·威尔表示，抖音的数据可能会成为中国利用的大型数据库的一部分。那些喷中国墙非死不可和推特的，能理解吗？ "", ""rumor"": ""1"", ""location"": ""中国"", ""time"": """", ""org"": ""美国土安全部"", ""company"": """", ""person"": ""布赖恩·威尔"", ""job"": ""参议员""}"
"{""title"": """", ""content"": ""【拜登获胜后股市反弹，道琼斯指数飙升超过1100多点，联合健康指数上涨10%】拜登党内选举小赢，拉升道指1000多点。不懂股市的我，只能认为目前的股市是在人为炒作之中。 "", ""rumor"": ""1"", ""location"": """", ""time"": """", ""org"": """", ""company"": """", ""person"": """", ""job"": """"}"
"{""title"": """", ""content"": ""【川普与塔利班政治领袖巴拉达通了电话】现在的阿富汗政府是否会成为第二个1975年的南越政府？ "", ""rumor"": ""1"", ""location"": ""川普"", ""time"": """", ""org"": ""阿富汗政府"", ""company"": """", ""person"": ""巴拉达"", ""job"": """"}"
"{""title"": """", ""content"": ""【美联储降息未能阻止市场恐慌                                         道指下跌2.9%】周二，在美联储紧急降息后，股市大幅下跌，道指下跌785点。显然美联储的降息并没有使市场恢复信心。是美联储的力度不够，还是各国央行没有联动？或者只是资本市场本身的行为？ "", ""rumor"": ""0"", ""location"": """", ""time"": """", ""org"": ""国央行"", ""company"": """", ""person"": """", ""job"": """"}"
"{""title"": """", ""content"": ""【日本奥林匹克大臣；           奥运会可以在2020年内任何时间举行】这是暗示这届奥运会有可能推迟？其实也不能推迟太多，毕竟是夏季奥运会，很多项目不适合在冬季举行。 "", ""rumor"": ""1"", ""location"": ""日本"", ""time"": ""冬季"", ""org"": """", ""company"": """", ""person"": """", ""job"": """"}"
"{""title"": """", ""content"": ""【因市场预期央行将对经济施以援手                                  道琼斯指数上涨5%】道指数周一飙升近1,300点，涨幅5%，创2009年以来单日升幅最高。市场预计各国央行将采取措施保护全球经济免受冠状病毒爆发的影响，股市从七天的暴跌中大幅反弹。 "", ""rumor"": ""0"", ""location"": ""                           道琼斯"", ""time"": ""七天"", ""org"": ""央行"", ""company"": """", ""person"": """", ""job"": """"}"
"{""title"": """", ""content"": ""【土耳其在叙利亚北部启动“和平之春行动”】【俄不保证土耳其在Idlib空中的安全】【美不给土耳其在Idlib提供空中支援】埃苏丹除了难民潮还有啥招？ "", ""rumor"": ""1"", ""location"": ""俄"", ""time"": """", ""org"": """", ""company"": """", ""person"": ""埃苏丹"", ""job"": """"}"
"{""title"": """", ""content"": ""【市场需要美联储来拯救他们                        但它的工具可能没啥用】即使美联储真的降息，也无法解决工厂停工、大家缩减消费带来的问题。解铃还须系铃人，控制住疫情，才是解救全球经济的不二法门。 "", ""rumor"": ""1"", ""location"": """", ""time"": """", ""org"": ""美联储"", ""company"": """", ""person"": """", ""job"": """"}"
"{""title"": """", ""content"": ""【埃尔多安要求普京“一边待着”                      让土耳其与叙利亚当面对决】埃苏丹真的急眼了，要疯？ "", ""rumor"": ""1"", ""location"": ""埃苏丹"", ""time"": """", ""org"": """", ""company"": """", ""person"": """", ""job"": """"}"
"{""title"": """", ""content"": ""【博尔顿抨击川普与塔利班的’奥巴马式’协议】前国家安全顾问博尔顿抨击了他的前老板与塔利班签订的历史性和平条约，称其“对美国平民构成了不可接受的风险”。川普回应说：“如果听他的，我们现在可能在打第六次世界大战了”川普从来都不允许自己当个傀儡 "", ""rumor"": ""1"", ""location"": ""美国"", ""time"": """", ""org"": ""博尔顿抨击川普与塔利班"", ""company"": """", ""person"": ""川普"", ""job"": ""老板""}"
"{""title"": """", ""content"": ""【美国和塔利班签署结束阿富汗战争的协议】“根据该协议，美国将开始从阿富汗撤军，以换取塔利班承诺防止阿富汗成为发动恐怖袭击的基地。如果塔利班兑现承诺，所有美军将在14个月内撤离”美国终于撑不下去了，阿富汗真的是帝国的坟场啊！ "", ""rumor"": ""0"", ""location"": ""美国"", ""time"": ""14个月内"", ""org"": ""美军"", ""company"": ""阿富汗"", ""person"": ""阿富汗"", ""job"": """"}"
"{""title"": """", ""content"": ""【本周冠状病毒抹去美国股市3.18万亿市值】股市周五再度暴跌。三大股指本周均大幅回调，较近期高点下跌逾10%。道指自周一以来下跌近3,500点。前些天美国商务部长说这个疫情有利于美国就业和制造业，现在他还坚持这种看法吗？美国政客的鼠目寸光是天生的呢，还是体制造就的呢？ "", ""rumor"": ""1"", ""location"": ""美国"", ""time"": ""周一以来"", ""org"": """", ""company"": """", ""person"": """", ""job"": ""商务部长""}"
"{""title"": """", ""content"": ""【对病毒焦虑引发2011年最大单日跌幅】“道指下跌近1200点。标普500指数较一周前创下的历史高点下跌了12%。股市正走向2008年10月全球金融危机以来最糟糕的一周。”资本市场是真的恐慌了！在病毒即将蔓延之际，资本对西方体制的防控能力是真的没有信心吗？ "", ""rumor"": ""0"", ""location"": """", ""time"": ""一周"", ""org"": """", ""company"": """", ""person"": """", ""job"": """"}"
"{""title"": """", ""content"": ""【世卫组织说抗击病毒在世界蔓延正处于                        “决定性时刻”】这显然不是对中国成就的赞扬，而是对其他国家的警告。尽管之前有些国家有些人说了蠢话，做了蠢事，我们还是要祝他们好运。 "", ""rumor"": ""1"", ""location"": ""中国"", ""time"": """", ""org"": """", ""company"": """", ""person"": """", ""job"": """"}"
"{""title"": """", ""content"": ""【川普任命彭斯负责应对冠状病毒                        称美国的风险“仍然很低”】没有谁比川普更了解新型冠状病毒了，可防可控妥妥滴！ "", ""rumor"": ""0"", ""location"": ""美国"", ""time"": """", ""org"": """", ""company"": """", ""person"": ""彭斯"", ""job"": """"}"
"{""title"": """", ""content"": ""【德里骚乱死亡人数上升至27人，                                      莫迪呼吁冷静】“德里发生了几十年来最严重的教派暴力冲突，造成至少27人死亡，并要求实行军事宵禁。”《公民身份法》修正案继续发酵中 "", ""rumor"": ""1"", ""location"": ""德里"", ""time"": """", ""org"": """", ""company"": """", ""person"": """", ""job"": """"}"
"{""title"": """", ""content"": ""《印度斯坦时报》在一篇社论中评论印度欢迎川普活动：“没有哪个国家的领导人会为印度举办这样的活动，也没有哪个印度总理会为这样的活动慷慨陈词。”“壮观的场面和美妙的声音抵得上一千份协议。”东方耍嘴皮子世家遇上了西方耍嘴皮子高手，真是让人大开眼界 "", ""rumor"": ""1"", ""location"": ""印度"", ""time"": """", ""org"": """", ""company"": """", ""person"": """", ""job"": """"}"
"{""title"": """", ""content"": ""【冠状病毒两天内             将美国股市市值抹去1.7万亿美元】这是过度恐慌，还是刚刚开始？ "", ""rumor"": ""0"", ""location"": ""美国"", ""time"": ""两天内"", ""org"": """", ""company"": """", ""person"": """", ""job"": """"}"
"{""title"": """", ""content"": ""“中国大规模的旅行限制，挨家挨户的检查，巨大的隔离病房和整个城市的封锁，为世界赢得了宝贵的时间来准备新病毒的全球传播。”难得在西方主流媒体上，有人替中国说了句公道话。世界还有救！！ "", ""rumor"": ""0"", ""location"": ""中国"", ""time"": """", ""org"": """", ""company"": """", ""person"": """", ""job"": """"}"
"{""title"": """", ""content"": ""【中国以外地区的冠状病毒感染病例激增                               道琼斯指数下跌800多点】截至美国东部时间上午8点35分，道琼斯工业平均指数期货下跌833点，开盘下跌826点。标准普尔500指数和纳斯达克100指数期货分别下跌2.7%和2.9%。 "", ""rumor"": ""1"", ""location"": ""美国东部"", ""time"": ""上午8点35分"", ""org"": """", ""company"": """", ""person"": """", ""job"": """"}"
"{""title"": """", ""content"": ""【意大利、韩国冠状病毒感染人数激增                  伊朗至少8人死于冠状病毒 】国内疫情趋于稳定的之际，国外的疫情恶化了。之前我们的隔离使我们的生产停顿，之后他们的隔离将使我们的产品市场萎缩。这对世界经济将是多么沉重的打击啊���另外，我们如何处理与他们的交往呢？ "", ""rumor"": ""1"", ""location"": ""           伊朗"", ""time"": """", ""org"": """", ""company"": """", ""person"": """", ""job"": """"}"
"{""title"": """", ""content"": ""“美国官员说，数千个与俄罗斯有关的社交媒体账户已经联合行动，对新型冠状病毒发出警报，扰乱了全球抗击这种流行病的努力。这场虚假信息运动宣传了一些毫无根据的阴谋论，称美国是此次疫情的幕后黑手，想利用人们对健康的担忧，损害美国在世界各地的形象”类似的舆论战在中国网络上也是战况激烈啊！ "", ""rumor"": ""0"", ""location"": ""中国"", ""time"": """", ""org"": """", ""company"": """", ""person"": """", ""job"": """"}"
"{""title"": """", ""content"": ""【由于对冠状病毒的担忧再次浮现                                     道指下跌超过200点】目前主要是担心冠状病毒在美国这些地方爆发吧？在病毒防疫方面，中国已经做到了仁至义尽，曾经幸灾乐祸、落井下石的自求多福吧！ "", ""rumor"": ""0"", ""location"": ""中国"", ""time"": """", ""org"": """", ""company"": """", ""person"": """", ""job"": """"}"
"{""title"": """", ""content"": ""“周四，乌克兰隔离从中国撤离的70多名人员的努力陷入混乱，当地居民反对此举，他们向被隔离人员乘坐的车辆投掷石块，并与警方发生冲突。”乌克兰沦落到今天这个样子，主要是它的人民不行！可怜之人必有可恨之处。 "", ""rumor"": ""0"", ""location"": ""乌克兰"", ""time"": ""今天"", ""org"": """", ""company"": """", ""person"": """", ""job"": """"}"
"{""title"": """", ""content"": ""对于俄罗斯来讲，川普真的是它的最爱吗？对于我兔呢？还有波斯和朝鲜呢？ "", ""rumor"": ""1"", ""location"": ""朝鲜"", ""time"": """", ""org"": """", ""company"": """", ""person"": """", ""job"": """"}"
"{""title"": """", ""content"": ""【川普显然不喜欢电影《寄生虫》】“川普总统显然不是《寄生虫》的粉丝，他最大的抱怨是这部电影是韩国拍摄的。”“美国至上”的观念已经融化在川普的血液里，并且落实在他所有的行动上。两次世界大战给人类带来的教训和启迪，是如此容易健忘？ "", ""rumor"": ""1"", ""location"": ""川普"", ""time"": """", ""org"": """", ""company"": ""川普"", ""person"": """", ""job"": ""总统""}"
"{""title"": """", ""content"": ""【川普反对禁止向中国出售喷气发动机】“川普总统周二通过推特表示，他反对阻止向中国出售喷气发动机的努力。特朗普的推文意在阻挠其政府内部一项限制通用电气和一家法国公司联合生产的发动机出口的提议。”真的没有人比川普更了解GE了！ "", ""rumor"": ""0"", ""location"": ""中国"", ""time"": """", ""org"": """", ""company"": ""川普"", ""person"": ""周二"", ""job"": ""总统""}"
"{""title"": """", ""content"": ""【中国卫生报告说，80%的患者是轻微的】我们是否应该检讨一下全国各地的防疫过程中有哪些不足。哪些属于反应迟缓？哪些是反应过度？ "", ""rumor"": ""1"", ""location"": ""中国"", ""time"": """", ""org"": """", ""company"": """", ""person"": """", ""job"": """"}"
"{""title"": """", ""content"": ""【川普威胁将中断与使用华为者情报共享】美驻德大使理查德·格伦内尔周日说，总统“指示我明确表示，任何国家选择使用不值得信任的5G供应商，都将危及我们在最高层共享情报和信息的能力。”“狼来了”到底要喊几遍呢？ "", ""rumor"": ""1"", ""location"": """", ""time"": ""周日"", ""org"": """", ""company"": """", ""person"": ""查德·格伦"", ""job"": ""总统""}"
"{""title"": """", ""content"": ""【NBA因香港风波损失数亿美元】这么大的窟窿怨谁呢？当时叫好的负责募捐不？ "", ""rumor"": ""1"", ""location"": ""香港"", ""time"": """", ""org"": """", ""company"": """", ""person"": """", ""job"": """"}"
"{""title"": """", ""content"": ""【新增新冠病例数下降               世卫组织说中国为世界赢得了时间】西方媒体能够正面报道中国的疫情，也是不多见的事。 "", ""rumor"": ""1"", ""location"": ""中国"", ""time"": """", ""org"": """", ""company"": """", ""person"": """", ""job"": """"}"
"{""title"": """", ""content"": ""【佩洛西警告盟友“别接近华为”】她唯一说得出口的理由居然是：中西方的意识形态不同。意识形态如果能阻挡得了全球贸易，西方也不可能与中国做了七十多年的生意嘛。 "", ""rumor"": ""1"", ""location"": ""中国"", ""time"": ""七十多年"", ""org"": ""佩洛西警告盟"", ""company"": ""华为"", ""person"": """", ""job"": """"}"
"{""title"": """", ""content"": ""【中国报告新增病例大幅下降】中国的疫情依然是全球媒体焦点中的焦点 "", ""rumor"": ""0"", ""location"": ""中国"", ""time"": """", ""org"": """", ""company"": """", ""person"": """", ""job"": """"}"
"{""title"": """", ""content"": ""【美国CDC：已经发往各地的新冠病毒测试盒有缺陷】美国疾病控制与预防中心(CDC)周三说，上周在全国范围内发放的200份covid19检测试剂盒可能无法得出确定的阳性或阴性结果。美国人会怎么看这件事？会不会说官员为了业绩不顾人民的死活？会不会说CDC腐败，让不合格的产品投入市场？ "", ""rumor"": ""1"", ""location"": ""美国"", ""time"": ""上周"", ""org"": """", ""company"": """", ""person"": """", ""job"": """"}"
"{""title"": """", ""content"": ""【美国对华为提出新的指控】美国联邦检察官周四宣布，司法部对华为及其几家子公司增加了新的刑事指控，指控该公司从美国竞争对手那里窃取商业机密；向伊朗提供了监视设备；试图隐瞒它在朝鲜的业务。看来欧洲对华为的放行，让美国狗急跳墙了！ "", ""rumor"": ""0"", ""location"": ""美国"", ""time"": """", ""org"": """", ""company"": ""华为"", ""person"": ""周四"", ""job"": ""检察官""}"
"{""title"": """", ""content"": ""【世卫组织说中国的新冠疫情已经稳定，但警告这种情况有可能会有变化】谨慎乐观+战战兢兢 "", ""rumor"": ""1"", ""location"": ""中国"", ""time"": """", ""org"": """", ""company"": """", ""person"": """", ""job"": """"}"
"{""title"": """", ""content"": ""【为啥投资者不应将现在与SARS相提并论】1.中国经济占比从4%增长到16%，因此对世界经济影响大得多2.当时中国经济增长主要靠投资拉动，现在靠零售和服务3.基于1和2，隔离措施对于世界经济影响很大4.当时是伊战前夕，全球担心石油短缺 "", ""rumor"": ""1"", ""location"": ""中国"", ""time"": ""伊战前夕"", ""org"": """", ""company"": """", ""person"": """", ""job"": """"}"
"{""title"": """", ""content"": ""【投资者权衡NCP对经济的影响，                                          亚太股市上涨】一方面反映出疫情对经济影响是短暂和有限的这个特点，另一方面反映出对中国政府掌控局面的信心。 "", ""rumor"": ""0"", ""location"": ""                                          亚"", ""time"": """", ""org"": ""中国政府"", ""company"": """", ""person"": """", ""job"": """"}"
"{""title"": """", ""content"": ""【由于NCP防疫工作，中国一些地方的工厂继续停工】NCP的疫情对全球供应链、产业链和价值链都是重大冲击。当然，这个冲击比起某些美国坏B策划的中美脱钩可能带来的影响，还差的远呢！ "", ""rumor"": ""1"", ""location"": ""美国"", ""time"": """", ""org"": """", ""company"": """", ""person"": """", ""job"": """"}"
"{""title"": """", ""content"": ""【NCP死亡人数超过SARS，新增病例下降】喜忧参半的一天，熬着！ "", ""rumor"": ""1"", ""location"": """", ""time"": """", ""org"": """", ""company"": """", ""person"": """", ""job"": """"}"
"{""title"": """", ""content"": ""【川普解雇了两名关键弹劾证人——亚历山大·温德曼和戈登·桑德兰】向川普吹个口哨后果如此严重，会不会在美国网络上引起海啸般的波涛呢？ "", ""rumor"": ""1"", ""location"": ""美国"", ""time"": """", ""org"": """", ""company"": """", ""person"": ""温德曼"", ""job"": """"}"
"{""title"": """", ""content"": ""【因为英国的华为决定，                   川普在电话中“痛斥”约翰逊】“据一位知情人士透露，在上周英国宣布允许华为进入其5G网络后，川普总统在电话中“痛斥”了英国首相鲍里斯·约翰逊。” "", ""rumor"": ""1"", ""location"": ""英国"", ""time"": ""上周"", ""org"": """", ""company"": ""川普"", ""person"": ""鲍里斯·约翰逊"", ""job"": ""总统""}"
"{""title"": """", ""content"": ""【美国的冠状病毒旅行禁令可能会适得其反】文章从1.个人易于撒谎，2.国家间疫情信息交流障碍，3.经济后果严峻，4.地域和种族歧视可能性增加这四方面进行了分析。 "", ""rumor"": ""1"", ""location"": ""美国"", ""time"": """", ""org"": """", ""company"": """", ""person"": """", ""job"": """"}"
"{""title"": """", ""content"": ""【随着吹哨大夫之死，                全球对中国病毒的恐慌加剧】看看人家的标题，看看人家这配图，赚流量吃人血馒头的各大V和新媒体人学着点。 "", ""rumor"": ""1"", ""location"": ""中国"", ""time"": """", ""org"": """", ""company"": """", ""person"": """", ""job"": """"}"
"{""title"": """", ""content"": ""【川普利用国情咨文进行竞选；    佩洛西撕毁了演讲稿】前不久佩洛西曾说：“作为一名天主教徒，我讨厌你在问我时用“恨”这个词……我不恨任何人，我还一直为总统祈祷。所以别说这种话，别惹我！” "", ""rumor"": ""1"", ""location"": """", ""time"": """", ""org"": """", ""company"": """", ""person"": ""佩洛西"", ""job"": """"}"
"{""title"": """", ""content"": ""鼠年 • 立春留念 "", ""rumor"": ""1"", ""location"": """", ""time"": """", ""org"": """", ""company"": """", ""person"": """", ""job"": """"}"
"{""title"": """", ""content"": ""Pantheon Macroeconomics 首席亚洲经济学家Freya Beamish说：中国今年的GDP增长可能到不了2%。这孙子是从哪个神经病院跑出来的呀？ "", ""rumor"": ""1"", ""location"": ""中国"", ""time"": ""今年"", ""org"": """", ""company"": """", ""person"": ""Freya Beamish"", ""job"": ""经济学家""}"
"{""title"": """", ""content"": ""【本季度新型冠状病毒可能给中国经济造成600亿美元的损失。中国政府将不得不迅速采取行动，以避免更大的损失】“中国可能不得不减税、增加开支和降低利率，以防止冠状病毒的爆发对已经脆弱的经济造成严重破坏。” "", ""rumor"": ""1"", ""location"": ""中国"", ""time"": ""本季度"", ""org"": ""中国政府"", ""company"": """", ""person"": """", ""job"": """"}"
"{""title"": """", ""content"": ""【加州大学伯克利分校在声明’仇外’是对冠状病毒的’常见’或’正常’反应后，面临强烈反对】患难见真情，该来的总会来。 "", ""rumor"": ""1"", ""location"": """", ""time"": """", ""org"": ""加州大学伯克利分校"", ""company"": """", ""person"": """", ""job"": """"}"
"{""title"": """", ""content"": ""【中国疫情爆发迫使现代暂停旗舰SUV生产】中国此次疫情将给世界经济带来很深的影响。大家在分享经济全球化红利的同时，也会被它的弊扎疼。但是，利远远大于弊。 "", ""rumor"": ""1"", ""location"": ""中国"", ""time"": """", ""org"": """", ""company"": """", ""person"": """", ""job"": """"}"
"{""title"": """", ""content"": ""【配有扬声器的无人机在中国的街道上巡逻】前几天，看那个无人机劝没戴口罩的农村老太太回家的小视频，感觉就是个段子。既然CNN都信了而且报道了，好吧，中国就这么�，怎么滴 "", ""rumor"": ""1"", ""location"": ""中国"", ""time"": """", ""org"": """", ""company"": """", ""person"": """", ""job"": """"}"
"{""title"": """", ""content"": ""很多人不明白，已经倾全国之力帮助湖北、武汉了，怎么还处处告急甚至告罄呢？看看当年铁路春运照片，大家明白了吗？ "", ""rumor"": ""0"", ""location"": ""武汉"", ""time"": """", ""org"": """", ""company"": """", ""person"": """", ""job"": """"}"
"{""title"": """", ""content"": ""【因对冠状病毒担忧加剧，道指暴跌600点，这是自8月以来最糟糕的一天】道指数下跌603.41点，至28256.03点，跌幅2.1%，创去年8月以来的最大单日跌幅。标准普尔500指数下跌1.8%，至3,225.52点，创去年10月以来的最大单日跌幅。纳斯达克综合指数下跌1.6%，至9150.94点。 "", ""rumor"": ""1"", ""location"": """", ""time"": ""去年10月以来"", ""org"": """", ""company"": """", ""person"": """", ""job"": """"}"
"{""title"": """", ""content"": ""【美国确诊第七例新型冠状病毒感染者，美国进入卫生紧急状态，采取强制隔离措施】前几天在CNN和纽约时报说武汉隔离侵犯人权的专家们出来走两步！ "", ""rumor"": ""0"", ""location"": ""武汉"", ""time"": """", ""org"": """", ""company"": """", ""person"": """", ""job"": """"}"
"{""title"": """", ""content"": ""【美国商务部长威尔伯·罗斯表示，中国致命的冠状病毒对于美国的就业和制造业是件好事】快乐就是要建立在别人的痛苦之上，感谢美国人的如此地坦诚。911有人欢呼纽约世贸大厦倒塌时，是谁TMD在用良知来谴责的？ "", ""rumor"": ""1"", ""location"": ""欢呼纽约世贸大厦"", ""time"": """", ""org"": """", ""company"": """", ""person"": ""威尔伯·罗斯"", ""job"": ""商务部长""}"
"{""title"": """", ""content"": ""【新型冠状病毒与SARS疫情有两点不同】新型冠状病毒传染性更强新型冠状病毒毒性低 "", ""rumor"": ""1"", ""location"": """", ""time"": """", ""org"": """", ""company"": """", ""person"": """", ""job"": """"}"
"{""title"": """", ""content"": ""【哈佛大学教授被控与中国政府关系上撒谎】60岁的查尔斯·利伯博士是哈佛大学化学和化学生物系的系主任，他被指控在与中国合作的问题上撒谎。报道说他与武汉理工大学有合作，并帮助招揽高科技人才。 "", ""rumor"": ""0"", ""location"": ""中国"", ""time"": """", ""org"": ""武汉理工大学"", ""company"": """", ""person"": ""查尔斯·利伯"", ""job"": ""主任""}"
"{""title"": """", ""content"": ""【约翰逊说可以搞定华为5G角色与安全问题】英国首相约翰逊周一坚称，英国可以在保持国家安全的同时取得技术进步。尽管美国强烈反对，但他准备批准中国电信巨头华为在发展5G电信网络方面发挥作用。 "", ""rumor"": ""1"", ""location"": ""中国"", ""time"": """", ""org"": """", ""company"": ""华为"", ""person"": ""逊周一"", ""job"": """"}"
"{""title"": """", ""content"": ""【由于对冠状病毒的担忧，道琼斯指数暴跌，亚洲股市下跌，韩国股市下跌超过2%】疫情对全球经济的影响开始浮现出来。如何在有力控制疫情的同时，又将其对经济的不利影响降到最低，考验着各国的领导者。 "", ""rumor"": ""1"", ""location"": ""韩国"", ""time"": """", ""org"": """", ""company"": """", ""person"": ""道琼斯"", ""job"": """"}"
"{""title"": """", ""content"": ""【在科比之死震惊洛杉矶之际，格莱美开幕了】这个标题是否感觉怪怪的？ "", ""rumor"": ""1"", ""location"": """", ""time"": """", ""org"": """", ""company"": ""格莱美"", ""person"": """", ""job"": """"}"
"{""title"": """", ""content"": ""*唱衰武汉隔离*乔治城大学全球卫生法教授、世卫组织全球卫生法中心主任劳伦斯·戈斯丁表示，武汉的隔离“史无前例”，且“非常不明智”他告诉CNN“从来没人尝试过这么大规模的隔离”，“几乎没有证据表明它的有效性。从公共卫生、社会和人权的角度来看，有充分的理由认为，这可能适得其反” "", ""rumor"": ""1"", ""location"": ""武汉"", ""time"": """", ""org"": ""世卫组织全球卫生法中心"", ""company"": """", ""person"": ""劳伦斯·戈斯丁"", ""job"": ""主任""}"
"{""title"": """", ""content"": ""【与17年前非典疫情相比，中国发生了很多变化。但是，有些东西没有变】对于此次中国政府对于疫情的反应速度，以及疫情的透明度给予肯定。对于依然捕食野生动物进行了批评。 "", ""rumor"": ""0"", ""location"": ""中国"", ""time"": ""17年前"", ""org"": ""中国政府"", ""company"": """", ""person"": """", ""job"": """"}"
"{""title"": """", ""content"": ""中国鼠年加油！ "", ""rumor"": ""0"", ""location"": ""中国"", ""time"": """", ""org"": """", ""company"": """", ""person"": """", ""job"": """"}"
"{""title"": """", ""content"": ""【历史的经验表明，中国的冠状病毒对市场的影响可能是短暂的】“随着武汉病毒的蔓延，预计它将继续冲击中国和其它金融市场。” "", ""rumor"": ""1"", ""location"": ""中国"", ""time"": """", ""org"": """", ""company"": """", ""person"": """", ""job"": """"}"
"{""title"": """", ""content"": ""【中国封锁城市以遏制病毒，世卫组织表示全球没有紧急情况】“这是中国的紧急情况，但尚未成为全球卫生紧急情况” 世卫组织总干事Tedros在日内瓦告诉记者。中国应对疫情积极主动的态度和措施，将国家的损失降到了最低！！ "", ""rumor"": ""0"", ""location"": ""中国"", ""time"": """", ""org"": "" 世卫组织"", ""company"": """", ""person"": ""Tedros"", ""job"": ""记者""}"
"{""title"": """", ""content"": ""【蛇可能是爆发的武汉冠状病毒的源头】研究人员分析了这种新型冠状病毒的蛋白质编码，并将其与不同动物宿主(如鸟类、蛇、土拨鼠、刺猬、人类、蝙蝠和人类)的冠状病毒的蛋白质编码进行了比较。令人惊讶的是，他们发现2019-nCoV的蛋白质编码与蛇的最相似。 "", ""rumor"": ""1"", ""location"": ""武汉"", ""time"": ""2019"", ""org"": """", ""company"": """", ""person"": """", ""job"": """"}"
"{""title"": """", ""content"": ""【武汉交通停运，世卫延迟决定】世卫组织总干事泰德罗斯在被问及武汉交通停运的问题时，他说:“通过采取强有力的行动，他们不仅能控制本国的疫情，还能将疫情在国际上蔓延的几率降至最低。”专家们在宣布公共卫生紧急状态的问题上存在分歧后，紧急委员会将于格林尼治时间11点再次召开会议。 "", ""rumor"": ""1"", ""location"": ""武汉"", ""time"": """", ""org"": ""世卫组织"", ""company"": """", ""person"": ""格林尼"", ""job"": ""总干事""}"
"{""title"": """", ""content"": ""【美国疾病控制与预防中心确认首例武汉冠状病毒感染病例】患者在抵达美国四天后（19日）发病并寻求治疗。根据患者的症状和有武汉旅行史，医生怀疑他感染了武汉冠状病毒，将样本送到亚特兰大疾病预防控制中心。20日得以确认。 "", ""rumor"": ""1"", ""location"": ""武汉"", ""time"": ""20日"", ""org"": ""亚特兰大疾病预防控制中心"", ""company"": """", ""person"": """", ""job"": ""医生""}"
"{""title"": """", ""content"": ""“世界卫生组织专家组将于周三在日内瓦召开会议，以决定是否宣布此次疫情为“国际关注的突发公共卫生事件”——这是仅用于描述最严重疫情的罕见名称。”“世卫组织早些时候说，动物源似乎是“最可能的主要来源”，“一些有限的人传人发生在密切接触者之间”。 "", ""rumor"": ""1"", ""location"": """", ""time"": ""周三"", ""org"": ""世卫组织"", ""company"": """", ""person"": """", ""job"": """"}"
"{""title"": """", ""content"": ""【马克龙和特朗普宣布停止数字税收争端】“法美同意将可能的关税战推迟到今年年底”今年世界第一搅屎棍会表现的疲软一点？ "", ""rumor"": ""1"", ""location"": """", ""time"": ""今年"", ""org"": """", ""company"": """", ""person"": ""特朗普"", ""job"": """"}"
"{""title"": """", ""content"": ""春节将至，上亿的人员流动对于防治工作很不利。具有战胜非典经验的中国，加油！ "", ""rumor"": ""0"", ""location"": ""中国"", ""time"": ""春节"", ""org"": """", ""company"": """", ""person"": """", ""job"": """"}"
"{""title"": """", ""content"": ""【将要齐聚达沃斯的世界领导人们，面对一个历史性的时刻，它对未来的重要性不亚于一战的结束】“美国的孤立主义、欧洲的不团结、民主国家日益增长的民族主义和民粹主义都是世界领导人面临的问题。”人们有理由担心世界面临的“百年未有之大变局”的走向。 "", ""rumor"": ""1"", ""location"": ""欧洲"", ""time"": """", ""org"": """", ""company"": """", ""person"": """", ""job"": """"}"
"{""title"": """", ""content"": ""【美军在伊朗导弹袭击中有人受伤】“尽管五角大楼最初表示，伊朗上周对伊拉克一处美军基地的袭击没有造成人员伤亡，但一名官员现在表示，有11人受伤。”美国的反射弧够长吗？ "", ""rumor"": ""0"", ""location"": ""美国"", ""time"": ""上周"", ""org"": ""伊朗"", ""company"": """", ""person"": """", ""job"": """"}"
"{""title"": """", ""content"": ""【焦点：中美贸易协议执行机制若真的付诸实施  最终可能一拍两散】路透社“如果被申诉方认为申诉方的行为是恶意的，解决办法是向申诉方提供书面退出通知，退出本协议”由此可见，这是个平衡的中间协议，能否走向最终协议还很难说。同时也说明，双方都非常希望有个停战协议的。说中国大输的都歇歇吧！ "", ""rumor"": ""0"", ""location"": ""中国"", ""time"": """", ""org"": """", ""company"": """", ""person"": """", ""job"": """"}"
"{""title"": """", ""content"": ""【美国在贸易协议签署前，将中国从汇率操纵国名单中移除】“目前，中国与德国和日本等国一样，被列入汇率操作的“监控名单””美国这种经济问题政治化的做法，还能坚持多久呢？ "", ""rumor"": ""1"", ""location"": ""美国"", ""time"": """", ""org"": """", ""company"": """", ""person"": """", ""job"": """"}"
"{""title"": """", ""content"": ""【人权观察组织总干事肯尼思·罗斯(Kenneth Roth)表示，他在香港机场被拒绝入境】他是不知道已被中国拉黑，还是不相信被中国拉黑呢？ "", ""rumor"": ""1"", ""location"": ""中国"", ""time"": """", ""org"": """", ""company"": """", ""person"": ""Kenneth Roth"", ""job"": ""总干事""}"
"{""title"": """", ""content"": ""【蔡英文胜选后会见美国驻台办主任】“如果你是蔡英文，在赢得连任后的早晨将会会见谁?那当然就是美国人嘛”美台关系紧密，对美国有利，对台湾也有利吗？ "", ""rumor"": ""1"", ""location"": ""台湾"", ""time"": ""早晨"", ""org"": ""美国驻台办"", ""company"": """", ""person"": ""蔡英文"", ""job"": ""主任""}"
"{""title"": """", ""content"": ""【独家透露：美军在阿尔-阿萨德空军基地被伊朗导弹攻击之前得到了消息，藏身于掩体中得以幸免】提前二个半小时就知道伊朗导弹将袭击空军基地，美军的导弹防御系统为啥没有发挥作用呢？TMD真是他妈的废物？ "", ""rumor"": ""1"", ""location"": ""伊朗"", ""time"": ""半小时"", ""org"": ""美军"", ""company"": """", ""person"": """", ""job"": """"}"
"{""title"": """", ""content"": ""“蔡英文的胜利会激怒北京方面，北京方面毫不掩饰地希望看到她被赶下台”蔡的胜利与香港之乱哪个对大陆的影响大呢？答案是不言而喻的，北京哪儿这么容易激怒啊？与其说大陆希望她下台，不如说大陆希望台湾的认同两岸统一的人多一点。仅此而已！ "", ""rumor"": ""0"", ""location"": ""台湾"", ""time"": """", ""org"": """", ""company"": """", ""person"": ""蔡的胜"", ""job"": """"}"
"{""title"": """", ""content"": ""【在杀死苏莱曼尼的那晚上，美国试图杀死伊朗的另一名高级将领，但是没有成功】“据《华盛顿邮报》报道，这个高级将领是阿卜杜勒·礼萨·沙莱(Abdul Reza Shahlai)，他是一名金融家，也是伊朗圣城军的主要指挥官。”美国这种斩首行动，实在是辱没了世界老大的身份！ "", ""rumor"": ""1"", ""location"": ""美国"", ""time"": ""晚上"", ""org"": ""伊朗圣城军"", ""company"": """", ""person"": ""Shahlai"", ""job"": """"}"
"{""title"": """", ""content"": ""【波音公司前首席执行官没有遣散费，并没收超过1400万美元的股票】他会不会与波音打官司呢？ "", ""rumor"": ""1"", ""location"": """", ""time"": """", ""org"": """", ""company"": ""波音"", ""person"": """", ""job"": ""首席执行官""}"
"{""title"": """", ""content"": ""【蓬佩奥是如何说服特朗普杀死苏莱曼尼，并实现自己十多年来追逐的目标的】这是关于策划袭击苏莱曼尼行动的又一个版本，与川普一意孤行的版本大相径庭。到底哪一个版本更接近真实呢？如果这个版本更准确些，那么比美国拥有川普更不幸的是，美国拥有了蓬佩奥国务卿！ "", ""rumor"": ""1"", ""location"": ""美国"", ""time"": ""十多年"", ""org"": """", ""company"": ""苏莱曼尼"", ""person"": ""苏莱曼尼"", ""job"": """"}"
"{""title"": """", ""content"": ""【视频显示：客机在德黑兰上空被导弹击中】难以置信！ "", ""rumor"": ""0"", ""location"": ""德黑兰"", ""time"": """", ""org"": """", ""company"": """", ""person"": """", ""job"": """"}"
"{""title"": """", ""content"": ""【川普将美伊两国从战争边缘拽回】在伊朗用导弹打了美国耳光，而美国并无人员伤亡之后，美伊战争一触即发的紧张状况得到了缓解。川普还真是能屈能伸的不要脸啊 "", ""rumor"": ""0"", ""location"": ""美国"", ""time"": """", ""org"": """", ""company"": ""川普"", ""person"": """", ""job"": """"}"
"{""title"": """", ""content"": ""【在伊拉克的美空军基地遭受火箭弹袭击后，道琼斯指数期货下跌超过250点】波斯人是条汉子！ "", ""rumor"": ""0"", ""location"": ""美空军基地"", ""time"": """", ""org"": """", ""company"": """", ""person"": ""道琼斯"", ""job"": """"}"
"{""title"": """", ""content"": ""【卡洛斯·戈恩35万美元的逃亡机票】来点花边新闻吧 "", ""rumor"": ""0"", ""location"": """", ""time"": """", ""org"": """", ""company"": """", ""person"": ""卡洛斯·戈恩"", ""job"": """"}"
"{""title"": """", ""content"": ""【质疑美空袭苏莱曼尼合法性的人越来越多】如何对杀死苏莱曼尼的行动进行定性，这不仅关系到美国国内权力的制衡，也关系到国际关系准则的再确定。川普如此轻率地打开了潘多拉魔盒，受害的不会仅仅是他国，也会包含美国。 "", ""rumor"": ""0"", ""location"": ""美国"", ""time"": """", ""org"": """", ""company"": ""苏莱曼尼"", ""person"": ""苏莱曼尼"", ""job"": """"}"
"{""title"": """", ""content"": ""川普说：美国不会在没有得到多年来在伊拉克的军事投资回报的情况下离开伊拉克。他还说：如果这些美国军队必须撤出，他将对巴格达进行经济惩罚。他补充道:在他们还钱之前，我们不会离开。吃相啊吃相，嘴脸啊嘴脸。 "", ""rumor"": ""1"", ""location"": ""伊拉克"", ""time"": """", ""org"": ""美国军队"", ""company"": ""巴格达"", ""person"": ""伊拉克"", ""job"": """"}"
"{""title"": """", ""content"": ""【伊朗将不再遵守2015年伊核协议中关于对其铀浓缩的限制】【伊拉克议会要求驱逐美军】美袭击苏莱曼尼的行动是不是失大于得呢？ "", ""rumor"": ""1"", ""location"": """", ""time"": ""2015年"", ""org"": ""美军"", ""company"": ""苏莱曼尼"", ""person"": """", ""job"": """"}"
"{""title"": """", ""content"": ""【川普是如何决定干掉苏莱曼尼的】此事是川普一意孤行的结果 "", ""rumor"": ""1"", ""location"": """", ""time"": """", ""org"": """", ""company"": ""川普"", ""person"": ""苏莱曼尼"", ""job"": """"}"
"{""title"": """", ""content"": ""【白宫将正式向国会通报导致苏莱曼尼死亡的空袭事件】“川普政府告诉国会，它将根据《战争权力法案》(War Powers Act)，就川普下令的无人机袭击伊朗军事指挥官事件发出正式通知”美国政府的这些行为，以及袭击行动依据的是《战争权力法》表明：此事与击毙拉登、巴格达迪还是不一样的。 "", ""rumor"": ""1"", ""location"": ""白宫"", ""time"": """", ""org"": ""美国政府"", ""company"": ""巴格达迪"", ""person"": ""苏莱曼尼"", ""job"": """"}"
"{""title"": """", ""content"": ""【油价在美国杀死苏莱曼尼将军后上涨】“伦敦早盘，布伦特原油价格上涨4.5%，西德克萨斯中质原油价格上涨4.1%，尽管欧洲股市收盘前油价有所回落，但交易员们仍对紧张局势升级感到担忧。” "", ""rumor"": ""0"", ""location"": ""欧洲"", ""time"": """", ""org"": """", ""company"": ""西德克萨斯中质"", ""person"": ""苏莱曼尼"", ""job"": ""将军""}"
"{""title"": """", ""content"": ""【美国大使馆敦促美国人“立即”逃离伊拉克】目前美伊双方还是挺克制的，但是，美国人仅仅逃离伊拉克显然是不够的。 "", ""rumor"": ""1"", ""location"": ""伊拉克"", ""time"": """", ""org"": """", ""company"": """", ""person"": """", ""job"": """"}"
"{""title"": """", ""content"": ""【在戈恩逃离日本后，国际刑警组织发出“红色通缉令”】出逃后那么高调，想必是有应对之策吧？ "", ""rumor"": ""0"", ""location"": ""日本"", ""time"": """", ""org"": """", ""company"": """", ""person"": """", ""job"": """"}"
"{""title"": """", ""content"": ""【教皇方济各拍打妇女的手，然后谴责对妇女的暴力行为】太狂热的粉丝，让偶像也难以承受 "", ""rumor"": ""1"", ""location"": """", ""time"": """", ""org"": """", ""company"": """", ""person"": """", ""job"": """"}"
"{""title"": """", ""content"": ""祝大家新年快乐！ "", ""rumor"": ""0"", ""location"": """", ""time"": """", ""org"": """", ""company"": """", ""person"": """", ""job"": """"}"
